,Focal depths wrt exit plane (mm),,,,,,,,,,,,
Distance WRT Exit plane (mm),7.19,10,12.97,15,18.74,20,25,30,45,60,75,90,96.01
0,2.250706911,2.852433087,0.844040018,0.250332358,0.074304338,0.076714584,0.048641115,0.068441243,0.206680119,0.322842586,0.465480508,0.630317071,0.708592545
0.5,2.04334243,2.470542352,0.980977095,0.314192633,0.055547365,0.058597461,0.082280975,0.06678989,0.223252936,0.293992923,0.422055514,0.647093193,0.752936148
1,1.922963383,2.058858114,1.118073507,0.391764452,0.042881428,0.043600441,0.121166506,0.068999604,0.236022238,0.27148611,0.379156323,0.652288557,0.784446616
1.5,1.96498761,1.622121638,1.242904512,0.488920099,0.038202932,0.032993377,0.159469486,0.078226974,0.24142569,0.25840506,0.337748023,0.638477965,0.792211121
2,2.23604911,1.195571762,1.340059491,0.607846446,0.04307986,0.027660733,0.190247136,0.097071712,0.236874667,0.255917389,0.300156425,0.603361651,0.770363304
2.5,2.805546056,0.828596744,1.393978566,0.74409312,0.060925525,0.028526654,0.207260698,0.127170884,0.221659494,0.263388303,0.269341881,0.550448177,0.719855682
3,3.741635583,0.56134315,1.394795467,0.885866703,0.09772633,0.037700682,0.207091673,0.168097065,0.197618909,0.278660662,0.24810346,0.487918133,0.648368541
3.5,5.089155266,0.410222982,1.345090904,1.017202321,0.160193721,0.059539367,0.190726781,0.216429095,0.169071916,0.29852806,0.238609423,0.426162503,0.568289558
4,6.843226014,0.376365336,1.262974688,1.124224979,0.252103881,0.100181727,0.163510493,0.266080315,0.141671082,0.319448632,0.242232832,0.374893173,0.493199107
4.5,8.932703592,0.476271529,1.178650233,1.201141931,0.370978356,0.164925468,0.133105986,0.309981132,0.120673061,0.338360905,0.259414126,0.3410237,0.434270611
5,11.21759116,0.773110982,1.12716496,1.252943023,0.507078842,0.254561473,0.106580791,0.342246253,0.109826539,0.35339705,0.289344415,0.328138538,0.398353051
5.5,13.50144037,1.379954454,1.143593046,1.294627612,0.645560457,0.362971123,0.088443276,0.359914021,0.111617097,0.364411814,0.329639142,0.337219988,0.388294111
6,15.56212459,2.425017588,1.26449495,1.348857116,0.77131704,0.477957628,0.080581213,0.363769455,0.128297944,0.373260503,0.376493846,0.367513007,0.404378222
6.5,17.19645248,3.997574192,1.533656481,1.443789155,0.874662868,0.585463081,0.083458486,0.35802586,0.162325672,0.383635108,0.425588943,0.41676254,0.445319712
7,18.2589927,6.103618882,2.005663405,1.61172886,0.955199358,0.675094955,0.097028009,0.348931999,0.215279964,0.400338608,0.473327397,0.480913464,0.508140067
7.5,18.67559705,8.647845261,2.74068424,1.888227364,1.022206361,0.744081904,0.120312581,0.342898899,0.28563584,0.428198527,0.517653739,0.553831947,0.587353234
8,18.43354207,11.44299508,3.788629805,2.310478754,1.092268485,0.798184993,0.150088394,0.344997694,0.366896538,0.471004518,0.55814447,0.627624265,0.674466765
8.5,17.56767114,14.24264725,5.168622115,2.913783174,1.186417085,0.850254095,0.180305954,0.358243346,0.447772484,0.530705038,0.595687644,0.693893412,0.758739759
9,16.1554792,16.79067079,6.854516959,3.725941952,1.328514393,0.918115262,0.20358338,0.383393552,0.514999755,0.606892473,0.632153675,0.745719986,0.829379932
9.5,14.31555056,18.87178904,8.773676626,4.760649732,1.544894142,1.023061956,0.214376385,0.418756772,0.557618876,0.696550769,0.670115914,0.779508167,0.878287864
10,12.19813274,20.34314242,10.81734617,6.011234723,1.864023027,1.189279189,0.211832208,0.459845206,0.570502176,0.794078071,0.712475616,0.795766725,0.902001889
10.5,9.966826629,21.13888686,12.8563582,7.446429838,2.314892873,1.443693515,0.200450701,0.499264912,0.55552772,0.89167704,0.762006079,0.798643609,0.902167245
11,7.779575923,21.25810469,14.75866462,9.010863959,2.923840286,1.81532855,0.188423574,0.527549625,0.520333988,0.980265343,0.821025266,0.794818483,0.88483667
11.5,5.774223865,20.75056743,16.40786161,10.63228265,3.710718064,2.333458504,0.185352902,0.535356949,0.475670752,1.050890519,0.891301568,0.79239855,0.859206954
12,4.05689521,19.70426013,17.71897821,12.23340533,4.685577291,3.024427302,0.201540274,0.516562677,0.432567695,1.096226477,0.973963678,0.799992166,0.836099307
12.5,2.69112336,18.23038761,18.64470645,13.74224641,5.846067904,3.907346431,0.249842324,0.4709327,0.400292862,1.111550543,1.06902297,0.825829896,0.826360381
13,1.690801571,16.44559743,19.16977496,15.09612171,7.175126712,4.989155033,0.348956679,0.404972576,0.385628831,1.095004132,1.174377781,0.876861465,0.839522114
13.5,1.022659128,14.4582713,19.2997927,16.24083086,8.639450539,6.26028231,0.525463043,0.330343224,0.393346459,1.04753699,1.284713557,0.957846166,0.882996518
14,0.620635882,12.36448961,19.05346084,17.13043741,10.19043719,7.692829811,0.812298412,0.260392468,0.427157809,0.973013127,1.391066598,1.070420198,0.961639915
14.5,0.408404725,10.25150055,18.46080722,17.73016892,11.7684161,9.242375842,1.243371585,0.206417202,0.490264425,0.878405706,1.481632802,1.212159446,1.077208217
15,0.321561801,8.201925788,17.56315758,18.01976123,13.3083877,10.85220401,1.846079953,0.175825536,0.584967946,0.773506417,1.543796997,1.37584206,1.227431236
15.5,0.32025368,6.294061254,16.41049759,17.99373051,14.74452138,12.45763622,2.634258688,0.173764746,0.71139997,0.66971412,1.566817248,1.549356087,1.405029826
16,0.387531525,4.598001552,15.05662099,17.65893562,16.01297828,13.9896902,3.603736885,0.207740287,0.865963656,0.578149801,1.544457838,1.716796043,1.597513517
16.5,0.516697501,3.169253204,13.55539313,17.03280717,17.05539366,15.37969886,4.731930096,0.292397333,1.040336996,0.507944661,1.476916881,1.860998729,1.788541865
17,0.696903746,2.041237812,11.95969019,16.14395356,17.8248288,16.56630773,5.981840563,0.451010376,1.221699245,0.465548663,1.371415477,1.966999183,1.960841435
17.5,0.905743706,1.21850273,10.32167739,15.03341755,18.29285795,17.50365842,7.309322453,0.712189902,1.394289159,0.45530484,1.240980574,2.025134828,2.09963078
18,1.111622928,0.673919698,8.692568771,13.75372714,18.45440659,18.16767809,8.671249649,1.103368502,1.541831468,0.480713142,1.101621886,2.032553938,2.195136098
18.5,1.282435903,0.35359983,7.121311803,12.36473047,18.32788139,18.55793622,10.03204399,1.64434662,1.650125484,0.545310349,0.968921026,1.992761125,2.243390074
19,1.394557468,0.190815774,5.652770103,10.92720921,17.95026418,18.6942287,11.36660701,2.343491922,1.709156473,0.652329025,0.855351452,1.913781794,2.245436751
19.5,1.437677227,0.125199405,4.32582102,9.496007107,17.36820104,18.60848678,12.65866037,3.197038216,1.714288317,0.803143367,0.769147175,1.80586242,2.205614331
20,1.414379709,0.118759829,3.17141918,8.114462866,16.62726547,18.33391244,13.89479652,4.190173926,1.666426426,0.995346735,0.714697707,1.679479248,2.129713821
20.5,1.336186269,0.16014305,2.21059475,6.811898421,15.76311427,17.89530895,15.05690647,5.298532339,1.571432361,1.221568507,0.69386594,1.54418316,2.023792483
21,1.218753557,0.255029886,1.452486951,5.605161933,14.79844862,17.30521006,16.11740824,6.490027083,1.439262487,1.469762517,0.707491028,1.408467594,1.894170599
21.5,1.078178557,0.409517172,0.892573074,4.503417255,13.74713019,16.56793151,17.04110058,7.728089452,1.283058154,1.72498531,0.756536228,1.280361206,1.748432179
22,0.928941399,0.617121298,0.511768033,3.513593697,12.62242574,15.68885749,17.7934758,8.976796147,1.11797677,1.971968047,0.842615372,1.168014664,1.5964325
22.5,0.783014977,0.855930941,0.277947277,2.643707715,11.44392838,14.68291219,18.35084051,10.20643613,0.959504378,2.197374531,0.967800568,1.079665941,1.450187465
23,0.649505084,1.094997329,0.15146923,1.902850983,10.2393017,13.57738949,18.70619502,11.39675984,0.821465965,2.390835806,1.133679658,1.022992835,1.322372993
23.5,0.534520924,1.30428459,0.094334189,1.29848046,9.040910966,12.40858611,18.86812751,12.53606659,0.714507241,2.544603588,1.339764726,1.004375097,1.224253191
24,0.441282188,1.462516223,0.079511981,0.832585396,7.880221664,11.21523551,18.85446809,13.61671941,0.645823432,2.65250323,1.58164934,1.028457733,1.164175187
24.5,0.370532746,1.560231704,0.095435283,0.49841313,6.782900535,10.03219667,18.68452516,14.62945563,0.620330755,2.709157852,1.849629883,1.097864144,1.147127066
25,0.321236666,1.598482435,0.142914617,0.279260953,5.766133236,8.886422279,18.37333824,15.55909982,0.642703171,2.710124613,2.128593093,1.212670643,1.175022571
25.5,0.291406729,1.585241159,0.226621536,0.15042696,4.83846633,7.795901825,17.93003584,16.38392135,0.719243707,2.653004752,2.399671542,1.369653522,1.247120359
26,0.278849649,1.531655621,0.346660288,0.084344238,4.001785363,6.771304011,17.36103079,17.07992948,0.8586434,2.539092171,2.643576234,1.561938022,1.360357663
26.5,0.2816427,1.449337128,0.494833122,0.057267545,3.25431341,5.819031401,16.67635158,17.62895387,1.071247485,2.374742568,2.84470071,1.779779618,1.509831726
27,0.298265099,1.348798372,0.656391873,0.054556981,2.593240782,4.943695719,15.89473964,18.02612913,1.367113935,2.171515187,2.994347117,2.012452026,1.689602045
27.5,0.327422067,1.238608099,0.814757251,0.071851605,2.01605528,4.148671235,15.04305888,18.28112764,1.753510275,1.944596799,3.091420139,2.250202641,1.893486311
28,0.367675858,1.124953056,0.955925827,0.111621335,1.520662801,3.435119599,14.14978943,18.41150008,2.232561296,1.71004691,3.140200715,2.485078928,2.115297437
28.5,0.41705002,1.011647356,1.07073306,0.177318054,1.105036661,2.801163518,13.23743675,18.43289399,2.799849,1.482189859,3.146633888,2.710430024,2.348452553
29,0.472804578,0.900686063,1.155029103,0.268482642,0.766885805,2.242491503,12.31942308,18.35352223,3.444835515,1.272261453,3.115345406,2.920004046,2.585541457
29.5,0.531529289,0.793165715,1.20872946,0.379026481,0.503165642,1.754172146,11.40277935,18.17604592,4.153378722,1.08841227,3.048662148,3.107576782,2.818413421
30,0.589533836,0.690133565,1.234516959,0.498703657,0.309093676,1.332383991,10.49302276,17.90311198,4.911254071,0.93635379,2.947274815,3.267120413,3.038639515
30.5,0.643332036,0.59299423,1.236508171,0.616169033,0.176932311,0.975017085,9.596850963,17.54055598,5.70663841,0.819991731,2.811403632,3.392914352,3.237780366
31,0.690008434,0.503440001,1.219066908,0.721783961,0.095491512,0.681061836,8.721659327,17.09618723,6.530236644,0.741957276,2.641838411,3.479476602,3.407397481
31.5,0.727422524,0.423141055,1.18602818,0.809172359,0.051259893,0.449311425,7.874146276,16.57734789,7.373765518,0.704290748,2.440984204,3.521945588,3.53948569
32,0.754330393,0.353441211,1.140498773,0.875511591,0.031163891,0.27691043,7.060134978,15.99101705,8.228710377,0.709353541,2.213986097,3.517338986,3.627819187
32.5,0.770446529,0.295161161,1.085062938,0.920980902,0.025754242,0.158161232,6.285415397,15.34618103,9.086284594,0.760634902,1.969324623,3.465982047,3.669564637
33,0.776348401,0.248509615,1.022027142,0.947766315,0.031013454,0.084094998,5.556003592,14.65527821,9.937846308,0.862920293,1.718163135,3.37182687,3.665850858
33.5,0.773163403,0.213103807,0.953480928,0.958935074,0.047625882,0.043341868,4.877247361,13.93278863,10.77472761,1.021506245,1.472561338,3.241219256,3.620746041
34,0.762155017,0.188102185,0.881236275,0.957498126,0.078177157,0.024376151,4.252651773,13.19246823,11.58788377,1.240692147,1.243497827,3.080994533,3.539435574
34.5,0.74440281,0.17241259,0.806813828,0.945886336,0.124038038,0.018331983,3.683439736,12.4457187,12.36849088,1.522305678,1.039582844,2.897084832,3.426758649
35,0.720682195,0.16489015,0.731519644,0.925839257,0.18359387,0.020917029,3.168892469,11.7014872,13.1094056,1.865062709,0.866649609,2.694027505,3.286477818
35.5,0.691494925,0.164446027,0.656519956,0.898509932,0.252330947,0.032233293,2.706857529,10.9663744,13.80582916,2.265003567,0.727938263,2.475069818,3.120991677
36,0.657179451,0.170047004,0.582862996,0.864628245,0.324190149,0.054598404,2.294103458,10.24426238,14.45426827,2.716599357,0.624624149,2.24270948,2.931445393
36.5,0.618090504,0.180654748,0.511495836,0.824710254,0.393235536,0.089750174,1.92670133,9.53646014,15.05108174,3.21396277,0.556637041,1.999770496,2.718594789
37,0.57483704,0.195186406,0.443331431,0.779341726,0.454940825,0.137013767,1.600611518,8.843291837,15.59261884,3.75180674,0.523705964,1.750810748,2.484424588
37.5,0.528477925,0.212548136,0.37931851,0.729443103,0.50679593,0.193123686,1.312277865,8.166263404,16.07669155,4.325832233,0.526392497,1.502997815,2.233635601
38,0.480521105,0.231723716,0.320419702,0.676343606,0.548230571,0.253316243,1.058873368,7.508926847,16.50295489,4.932144544,0.566737087,1.265617239,1.973882942
38.5,0.432683824,0.25185929,0.267478953,0.621606217,0.580054689,0.312798323,0.838156449,6.875753,16.87091591,5.565746117,0.648156619,1.048293535,1.714564233
39,0.386545433,0.272309386,0.221072082,0.566748427,0.603753374,0.367867835,0.648226065,6.270423523,17.17773129,6.219151818,0.774480376,0.858951532,1.465052874
39.5,0.343282843,0.292655851,0.181439349,0.51305355,0.620947956,0.416423894,0.48742307,5.695289111,17.41911192,6.882649846,0.948489952,0.702551847,1.233392699
40,0.303571052,0.312707167,0.14851122,0.461525374,0.63312767,0.45793738,0.354316155,5.152090822,17.59347973,7.54663753,1.17073749,0.580925219,1.025729326
40.5,0.267602097,0.332441599,0.121969898,0.412892424,0.641530687,0.493045006,0.247555967,4.642602736,17.70543979,8.204476205,1.439287596,0.493437209,0.846169325
41,0.235154814,0.351857921,0.101304856,0.367579383,0.647017814,0.522932979,0.165518025,4.168234528,17.76465243,8.853575827,1.750395152,0.438087813,0.696825652
41.5,0.205703845,0.370770699,0.085868364,0.325675329,0.649928636,0.548712493,0.10589399,3.729075468,17.78075673,9.493992184,2.099595858,0.412743685,0.578097358
42,0.178588815,0.388664466,0.074949191,0.286984487,0.650055959,0.571008285,0.065483366,3.323548591,17.7589857,10.12615319,2.482727405,0.416233448,0.489238456
42.5,0.153232911,0.404707446,0.067857287,0.251182531,0.646832892,0.58987976,0.040359823,2.949152268,17.70005469,10.74978658,2.896694057,0.449055318,0.429088596
43,0.129343228,0.41792423,0.063991721,0.218002066,0.639662621,0.605013538,0.026428337,2.603654154,17.60348382,11.36431915,3.339809177,0.513513508,0.396768987
43.5,0.107007238,0.42742615,0.062869549,0.18734639,0.628206375,0.615995046,0.020201307,2.285791414,17.47048966,11.96917182,3.811375674,0.613196827,0.392233024
44,0.086639401,0.432583912,0.064113613,0.159289459,0.61248682,0.622488737,0.019458418,1.995100395,17.30369301,12.56256072,4.310347015,0.751845494,0.416579077
44.5,0.068803634,0.433095796,0.067414512,0.133996542,0.592813779,0.624289353,0.023439046,1.731238675,17.10448556,13.13939049,4.833598647,0.931885708,0.471952591
45,0.053993873,0.428979961,0.072488427,0.111631692,0.569652179,0.621317599,0.032440268,1.493413249,16.87109566,13.69029043,5.374941575,1.153202036,0.560926843
45.5,0.042466582,0.420543918,0.079048933,0.092294503,0.543543162,0.613647249,0.047043101,1.28023508,16.59960461,14.20354152,5.925883508,1.412816321,0.685571424
46,0.034187109,0.408356899,0.086801344,0.07599205,0.515107063,0.601580672,0.067394341,1.08992722,16.28761582,14.66957292,6.47815833,1.705802473,0.846725998
46.5,0.028894968,0.393209884,0.0954556,0.062633287,0.485070012,0.58571109,0.092877959,0.920620456,15.93797254,15.08560858,7.026767372,2.027066781,1.043908374
47,0.026238893,0.376032732,0.104742683,0.052036488,0.454237278,0.566887022,0.122224869,0.770522242,15.55957766,15.45718571,7.571568097,2.373007558,1.27579863
47.5,0.025905902,0.357760308,0.114418151,0.043947907,0.423386774,0.546049545,0.153865975,0.637936324,15.16424128,15.79495662,8.116116066,2.742076693,1.540788355
48,0.02768531,0.339190995,0.124250919,0.038071324,0.39313989,0.524021792,0.186285125,0.521245388,14.76158862,16.10855362,8.664295953,3.133999243,1.837133436
48.5,0.031458285,0.320914211,0.134018686,0.034105084,0.363903639,0.501384751,0.21824722,0.418978944,14.35595151,16.40191729,9.217134145,3.548377213,2.162724216
49,0.037152381,0.303342032,0.143532716,0.031778516,0.335923739,0.478514656,0.24890831,0.329962261,13.94751774,16.67335506,9.771990622,3.983727234,2.514862829
49.5,0.044714026,0.286792296,0.152682211,0.030877651,0.309383194,0.455710636,0.277842794,0.253420478,13.53600926,16.91931655,10.32409621,4.437353285,2.890284578
50,0.054122931,0.271521967,0.161454233,0.031252538,0.284441678,0.43326089,0.304979165,0.188913391,13.12286354,17.13731571,10.8681537,4.905497894,3.285191332
50.5,0.065429443,0.257665669,0.169895476,0.032804993,0.26117992,0.411374307,0.330436231,0.136109539,12.70977773,17.32498788,11.39812592,5.383148871,3.695043756
51,0.078779253,0.245141107,0.178036537,0.035463717,0.239523657,0.390065452,0.354329227,0.094522532,12.29595544,17.47754195,11.90641125,5.863987544,4.114523045
51.5,0.09440679,0.233624358,0.185838577,0.039158855,0.219246622,0.369145066,0.376670789,0.063326268,11.87815724,17.58875272,12.38543319,6.341780776,4.538590284
52,0.112598245,0.222631506,0.193196683,0.043805042,0.200069418,0.348354391,0.397418947,0.041291225,11.45436245,17.65668091,12.83234346,6.813428866,4.96476523
52.5,0.133616552,0.211645755,0.199965673,0.049290499,0.181771999,0.32752537,0.416570992,0.026844045,11.02722691,17.68871877,13.25288349,7.281490096,5.395036597
53,0.157564949,0.200206215,0.205948857,0.055460457,0.164234455,0.306625138,0.434145442,0.018256918,10.60318621,17.69937694,13.65947442,7.753303581,5.835214988
53.5,0.184193311,0.187944257,0.21084936,0.062091948,0.147405587,0.285681433,0.450028275,0.013945878,10.18776888,17.70132751,14.06366602,8.236475408,6.291490974
54,0.212729391,0.174622998,0.214260847,0.068880235,0.131271126,0.264716792,0.463850813,0.012777014,9.781890465,17.69762926,14.46905329,8.734138371,6.76666719
54.5,0.241863071,0.16021606,0.215765019,0.075466327,0.115869662,0.243785586,0.475074398,0.014225405,9.382746869,17.68212806,14.87062376,9.243737176,7.258969546
55,0.269939881,0.14497805,0.215098141,0.08150699,0.10132763,0.223066315,0.483249156,0.018287134,8.987802021,17.64638462,15.25982716,9.75942671,7.763645309
55.5,0.295273287,0.129425414,0.212265404,0.086748775,0.087850712,0.202886797,0.488223977,0.025187698,8.597290745,17.58514072,15.62909988,10.27459245,8.274778961
56,0.316425448,0.11421312,0.207527221,0.091064958,0.075657341,0.183637387,0.49014686,0.035046736,8.213038619,17.49552378,15.97156747,10.78175718,8.785245332
56.5,0.332402608,0.099980179,0.201305227,0.094454906,0.064901794,0.165647615,0.489336169,0.047666462,7.835944556,17.3735883,16.27873504,11.2715136,9.28606557
57,0.342820261,0.087246218,0.19410886,0.09703527,0.055638707,0.149124851,0.486219183,0.062525825,7.465654932,17.21506544,16.54205865,11.73423146,9.768091158
57.5,0.348047549,0.07637592,0.18650836,0.099034418,0.047834194,0.134169358,0.481383978,0.078946621,7.102728291,17.02095434,16.75909886,12.16501471,10.22628258
58,0.349212947,0.067577227,0.179092358,0.100765402,0.041393481,0.120805483,0.475588738,0.096309076,6.750227539,16.8012993,16.9377868,12.5672954,10.66280444
58.5,0.347965096,0.060908697,0.172364631,0.10255685,0.036181065,0.108981223,0.469589955,0.114184159,6.412402204,16.57137294,17.0928779,12.95060791,11.08512866
59,0.346070992,0.056299867,0.16662483,0.104664479,0.032034345,0.098552913,0.463871332,0.13233284,6.091675422,16.34300508,17.23693242,13.32386882,11.50031852
59.5,0.345074253,0.053593069,0.161919917,0.107213876,0.028782368,0.089300125,0.458498188,0.150628216,5.787115366,16.11915501,17.3741038,13.69035614,11.91069449
60,0.346158119,0.05259863,0.15809714,0.110201451,0.026270639,0.080981624,0.453211103,0.168987855,5.495703888,15.89601913,17.5015808,14.04832655,12.31434139
60.5,0.350159578,0.05314216,0.154904594,0.113531857,0.024380762,0.073397817,0.447643793,0.187344399,5.214678812,15.66878921,17.61517305,14.39491984,12.70847537
61,0.357584403,0.055085873,0.152064512,0.117049913,0.023034161,0.066419618,0.441467798,0.205619966,4.942566925,15.43459247,17.71221903,14.72814066,13.09117868
61.5,0.368555433,0.058322535,0.149296652,0.12055252,0.02218115,0.059978605,0.434402957,0.223684827,4.678565852,15.1911296,17.79009698,15.04557056,13.46025292
62,0.382764145,0.062757266,0.14632883,0.12380503,0.021786268,0.054043928,0.42620515,0.241340271,4.42186427,14.93537511,17.84503523,15.34348042,13.81247318
62.5,0.399518827,0.068294053,0.142930143,0.126584268,0.02181904,0.048608459,0.416731781,0.258369597,4.172073425,14.66579092,17.8750687,15.61963347,14.1460989
63,0.417871391,0.074828076,0.138951872,0.128728519,0.022249931,0.043682961,0.406035481,0.274622892,3.930081385,14.38584937,17.88453561,15.8774336,14.46458081
63.5,0.436707004,0.082227815,0.134331971,0.130149815,0.023045569,0.039286002,0.394355122,0.290042169,3.697935569,14.10390791,17.88402331,16.12605898,14.77664698
64,0.454731981,0.090296727,0.129055726,0.130796201,0.024160269,0.035427328,0.381976386,0.304585909,3.477549653,13.82835082,17.88423789,16.37505798,15.09128231
64.5,0.470444376,0.098732428,0.123115751,0.130605658,0.02552868,0.032096277,0.369085725,0.318126845,3.269452599,13.56237135,17.88913856,16.62804134,15.41179664
65,0.482238816,0.10712047,0.116514807,0.129502918,0.027067604,0.029264438,0.355747575,0.330432904,3.072716868,13.30303424,17.89444503,16.88102515,15.73412663
65.5,0.488679099,0.114983345,0.10930457,0.1274436,0.028689181,0.026898453,0.341997886,0.341251104,2.885873493,13.04455127,17.89161732,17.12575465,16.04985858
66,0.488809347,0.121867142,0.101617942,0.124463676,0.030318622,0.024971439,0.327938428,0.350409154,2.707761782,12.78177132,17.87232564,17.35358987,16.34992605
66.5,0.482353777,0.127429704,0.09366794,0.12069727,0.031908211,0.02346677,0.313751335,0.35785634,2.537687086,12.51111914,17.82976418,17.55661155,16.62587154
67,0.4697786,0.131509099,0.085722369,0.116365178,0.033446056,0.022377337,0.299661648,0.363659773,2.375209287,12.23018009,17.75837632,17.7275011,16.86993902
67.5,0.452266167,0.134169794,0.078074758,0.111754499,0.034962611,0.021705881,0.285913692,0.36801624,2.220134399,11.93841956,17.65539904,17.86137963,17.07695458
68,0.431599904,0.135716282,0.071014661,0.107193538,0.036533344,0.021466557,0.272768671,0.371278621,2.072715485,11.63891185,17.52392098,17.95935587,17.24770648
68.5,0.409899389,0.136651764,0.064789294,0.103007986,0.038269461,0.021683029,0.260474761,0.373923692,1.933617017,11.33854212,17.37357508,18.02973496,17.39009361
69,0.389224459,0.137579049,0.059561413,0.099458657,0.040293045,0.022380156,0.249188465,0.37642127,1.803430763,11.04522482,17.21659965,18.08437281,17.5155799
69.5,0.371197807,0.139080633,0.055382629,0.096687319,0.042704838,0.023571718,0.23889496,0.379069922,1.682117063,10.76405438,17.06194512,18.13272981,17.63345457
70,0.356806009,0.141629458,0.052196083,0.094698657,0.045559137,0.025249798,0.229394264,0.381907547,1.568865563,10.49550061,16.91220566,18.17856881,17.74756947
70.5,0.346412051,0.145552403,0.049863049,0.093381701,0.048853439,0.027379583,0.220365783,0.384738837,1.46244144,10.23654989,16.76492577,18.22098661,17.85724392
71,0.339888745,0.15102922,0.048196541,0.092549211,0.052529205,0.029898995,0.211462921,0.387223967,1.361661026,9.982991797,16.61565545,18.25711733,17.9598128
71.5,0.336767813,0.158100324,0.046990541,0.091973378,0.056476765,0.032720486,0.202387451,0.388959888,1.265652558,9.730854579,16.45965661,18.28343543,18.05190031
72,0.336368312,0.166677745,0.046045172,0.091414946,0.060544591,0.035735098,0.192933924,0.389548891,1.173894304,9.476912046,16.29241552,18.29589353,18.12959708
72.5,0.337925432,0.176572872,0.045191584,0.090654905,0.064559631,0.038822735,0.183021248,0.388688784,1.086207011,9.219398707,16.11091852,18.29124125,18.18980632
73,0.340720984,0.187543891,0.044313198,0.089528442,0.068359072,0.04186985,0.17271281,0.38627532,1.002762372,8.959160906,15.9160274,18.26987279,18.23306322
73.5,0.344169919,0.199336896,0.04335287,0.087944824,0.071819966,0.044787408,0.162201762,0.38244966,0.923991375,8.699964063,15.71359446,18.23744537,18.26514522
74,0.347813731,0.21168843,0.042300282,0.085879655,0.074869395,0.047518344,0.151750295,0.377536745,0.850326176,8.446936682,15.51224978,18.20279532,18.29499015
74.5,0.351235185,0.224287224,0.041166782,0.083346699,0.07747231,0.050031584,0.141607947,0.371909491,0.781901762,8.203929394,15.3189969,18.17325823,18.33006994
75,0.353965378,0.236731615,0.039961827,0.080371536,0.07961203,0.05231001,0.131952253,0.365870033,0.718428503,7.97175361,15.13599247,18.15111845,18.37282714
75.5,0.355442551,0.248520602,0.038680715,0.076982359,0.081279328,0.054341472,0.122873968,0.359606835,0.659307203,7.748354217,14.96049714,18.13348332,18.42050094
76,0.355027772,0.259082637,0.037303902,0.073215352,0.082471599,0.056115143,0.114395438,0.353212279,0.603871162,7.530252903,14.78700069,18.11447466,18.46724712
76.5,0.352053674,0.267820938,0.035803734,0.0691236,0.083194598,0.057620486,0.106499174,0.346714437,0.551595635,7.313963196,14.60935214,18.08730473,18.50611474
77,0.345899337,0.274165742,0.034155607,0.06478435,0.083464865,0.058848895,0.099154547,0.340105182,0.502203448,7.096872595,14.42206651,18.04542279,18.53013528
77.5,0.336101818,0.277645627,0.032351626,0.060304985,0.083318171,0.05980172,0.092341596,0.333378692,0.455682058,6.877881903,14.22158198,17.98386088,18.53367377
78,0.322489971,0.277980631,0.030412578,0.055825091,0.082823937,0.060504559,0.086068527,0.326581277,0.412237308,6.658003599,14.00781989,17.9012523,18.5145465
78.5,0.3052816,0.275163631,0.028392181,0.051507967,0.082094592,0.061019344,0.080373019,0.319837915,0.37217942,6.440384589,13.78494121,17.8011014,18.47543557
79,0.285085748,0.269483314,0.026370509,0.04751837,0.081277689,0.061443823,0.075303062,0.313323217,0.335758157,6.229266007,13.55993998,17.69047935,18.42277396
79.5,0.262806672,0.261475369,0.024440103,0.043994406,0.080531631,0.061896694,0.070887059,0.307190261,0.3030118,6.028205659,13.33948403,17.57649525,18.36329436
80,0.239503675,0.251833867,0.022691636,0.041026684,0.079998614,0.062496687,0.0671111,0.301505409,0.273704867,5.838632787,13.12700867,17.46290076,18.3006902
80.5,0.216261164,0.241324887,0.021203856,0.03865235,0.079786886,0.063344763,0.0639137,0.29622763,0.247379204,5.659517113,12.92178091,17.3489771,18.23443902
81,0.194088427,0.230720342,0.020039037,0.036861777,0.079964657,0.06451353,0.061195842,0.291230262,0.223482022,5.488108024,12.71994797,17.23067916,18.16085818
81.5,0.173845061,0.220748608,0.0192432,0.035611302,0.080560836,0.066042327,0.058837866,0.286339674,0.201505076,5.32110704,12.5164836,17.10271767,18.07500415
82,0.156191159,0.212060396,0.01885015,0.034836781,0.081569291,0.067936263,0.056717995,0.281375595,0.181083489,5.155763194,12.3070312,16.96048783,17.97249895
82.5,0.141566511,0.20521293,0.018888261,0.034465756,0.082956357,0.070169389,0.054731019,0.276194081,0.16203207,4.990702146,12.08948447,16.80179584,17.85123284
83,0.130198098,0.200669409,0.019387611,0.034426741,0.084669703,0.072691699,0.052805102,0.270729872,0.144321061,4.82637208,11.8650827,16.62828704,17.71287834
83.5,0.122122339,0.198795596,0.020384251,0.034653071,0.086642983,0.075436145,0.050910736,0.265017009,0.128007551,4.664883372,11.63845747,16.44578004,17.56336224
84,0.117205627,0.199837605,0.021918465,0.035078787,0.088791584,0.078320565,0.049056382,0.259165085,0.11315085,4.509147366,11.41618816,16.26275829,17.4114548
84.5,0.115153093,0.203877848,0.024025559,0.035627701,0.091001952,0.081243959,0.047270853,0.25329745,0.099746882,4.361619369,11.20433775,16.08747578,17.26587805
85,0.115508298,0.210783146,0.026719707,0.036201645,0.093123575,0.084082239,0.045579894,0.247483669,0.087706011,4.223267248,11.00623036,15.92520607,17.1324745
85.5,0.11765653,0.220164711,0.029973547,0.036675689,0.094972441,0.086689556,0.043986691,0.241701525,0.076877063,4.093227468,10.82152481,15.77698702,17.01283848
86,0.120849079,0.231367444,0.033698368,0.036905619,0.096347548,0.088907082,0.042463633,0.235843096,0.067097987,3.969186552,10.64672062,15.64000134,16.90460341
86.5,0.124263831,0.243499604,0.03773146,0.036747508,0.097056152,0.090577069,0.04095796,0.229755626,0.058245009,3.848203038,10.47651943,15.50891515,16.80269277
87,0.127104595,0.255512035,0.041838466,0.036084783,0.096943398,0.091561475,0.039409665,0.223301111,0.050259003,3.727642018,10.30549266,15.37758971,16.70096842
87.5,0.128720811,0.266325004,0.045736634,0.03485522,0.095923337,0.091765474,0.037775878,0.216416776,0.043140552,3.605987525,10.12971369,15.24092168,16.59409845
88,0.128711851,0.274983298,0.049137742,0.033069541,0.094005728,0.091163134,0.036052396,0.209156022,0.036918643,3.483319671,9.948007825,15.09648888,16.47929549
88.5,0.126975571,0.28079803,0.051799538,0.030814701,0.091308969,0.089816688,0.034283183,0.20169395,0.031608817,3.361256326,9.762297918,14.94532822,16.35720247
89,0.123678808,0.283428567,0.053568652,0.028239297,0.088049619,0.087879182,0.032553565,0.194293853,0.027180399,3.242304669,9.576720445,14.79124223,16.23126782
89.5,0.119158586,0.282880521,0.054401284,0.025525051,0.084507526,0.085575431,0.030970543,0.187247712,0.023547173,3.128863424,9.395828086,14.63885251,16.10580964
90,0.113792377,0.279432374,0.054358448,0.022853242,0.080976322,0.083165479,0.02963906,0.180814,0.02058364,3.022303857,9.222717101,14.49139709,15.98381241
90.5,0.10788676,0.273528413,0.053581305,0.02037587,0.07771489,0.080901755,0.028642584,0.175170259,0.018157533,2.922497289,9.057862899,14.34927413,15.8654897
91,0.101619711,0.265677899,0.05225685,0.018198632,0.074913611,0.078992215,0.02803186,0.170386618,0.016163616,2.827915412,8.899029954,14.2097976,15.74805206
91.5,0.095046032,0.256385362,0.050584487,0.016377798,0.072682209,0.07757831,0.027821366,0.16642069,0.014545022,2.736207373,8.742130766,14.06806419,15.62656002
92,0.088152288,0.246123093,0.048751534,0.014928535,0.071058031,0.076730889,0.027991537,0.16313387,0.013295148,2.645013939,8.582726498,13.91863045,15.49561517
92.5,0.080933283,0.235339962,0.046921188,0.013839326,0.070027967,0.076461842,0.028495677,0.160328829,0.012442896,2.552754995,8.417671641,13.75758491,15.35140654
93,0.073459312,0.22448908,0.045232294,0.013087117,0.069553574,0.076744516,0.029270853,0.157800304,0.01203165,2.45912719,8.246373075,13.58426584,15.19345584
93.5,0.065910553,0.214048826,0.04380695,0.012649155,0.069589144,0.077533148,0.030251232,0.155382866,0.012102438,2.365121783,8.071072089,13.40184128,15.02519535
94,0.05856651,0.204517111,0.042759166,0.012509259,0.070087038,0.078773156,0.031381072,0.152975623,0.012685126,2.27255058,7.895989786,13.21629635,14.85291916
94.5,0.051754448,0.196373371,0.042198597,0.012657933,0.070991941,0.080401038,0.032623199,0.150534231,0.013795577,2.183298425,7.725679419,13.03428412,14.68358053
95,0.045777963,0.190021846,0.042227045,0.013087479,0.072230745,0.082338895,0.033959211,0.148037277,0.015436024,2.098611714,7.563360902,12.86085905,14.52246761
95.5,0.04085517,0.185737565,0.042929272,0.013784631,0.073704667,0.084489228,0.035380256,0.145446803,0.017598483,2.018692025,7.409882222,12.69799557,14.37167196
96,0.03708809,0.183629573,0.044360124,0.014723501,0.075285952,0.086731975,0.036870278,0.142683515,0.020271732,1.942693955,7.263585732,12.54428235,14.22975596
96.5,0.034465535,0.183625021,0.046529818,0.015861005,0.076819493,0.088923158,0.038387592,0.139628471,0.023449148,1.869096004,7.120998691,12.39566488,14.0925081
97,0.03288649,0.185473374,0.049390243,0.017136093,0.078130038,0.090895498,0.039853403,0.136151953,0.027130714,1.796300327,6.978106001,12.24694532,13.9544777
97.5,0.032188544,0.188771277,0.052828004,0.018473406,0.079036205,0.092465358,0.041155169,0.132158502,0.031312223,1.723252689,6.831785231,12.09361082,13.81087272
98,0.032172822,0.193008348,0.056670387,0.019790591,0.079370324,0.093450396,0.042166919,0.127628368,0.035960848,1.649858877,6.680947041,11.93338421,13.65920017
98.5,0.032625147,0.197626733,0.060705234,0.021006792,0.079000938,0.093696512,0.042780374,0.122637087,0.040986268,1.577032579,6.526902371,11.7669214,13.5000398
99,0.0333361,0.202079557,0.064708933,0.022049722,0.077853249,0.093106556,0.042935317,0.117344933,0.046224678,1.50634978,6.372836225,11.5973508,13.3366118
99.5,0.034118834,0.20587813,0.068473851,0.022860233,0.075922403,0.091660865,0.042636801,0.111963069,0.051453193,1.439465462,6.222600352,11.42892299,13.17340786
100,0.034820017,0.208620371,0.071828071,0.023394646,0.073275397,0.089421478,0.041952105,0.106710436,0.056439372,1.377533364,6.079338628,11.26532661,13.01444834
100.5,0.0353214,0.209997423,0.074642964,0.023625277,0.070039738,0.086516909,0.040989446,0.101775716,0.061009239,1.32084547,5.944460767,11.10832673,12.86181891
101,0.03553514,0.209782512,0.076828821,0.023539264,0.066380649,0.083112285,0.03986859,0.097292798,0.065100737,1.268799019,5.817276679,10.95716647,12.71494037
101.5,0.035398989,0.207817333,0.078323449,0.023136585,0.062474075,0.079377538,0.038696215,0.093331885,0.068773619,1.220176039,5.695380684,10.80890164,12.5707919
102,0.034875405,0.2040115,0.079080833,0.022428902,0.058486004,0.075467874,0.037555085,0.089904811,0.072170043,1.17361842,5.575648435,10.65961528,12.42510872
102.5,0.033955325,0.198363807,0.079066688,0.021440563,0.054565351,0.071522899,0.036507263,0.086981711,0.075447185,1.128116111,5.455504407,10.50610567,12.27417219
103,0.032664739,0.190998117,0.07826453,0.020211576,0.050848003,0.067678209,0.035604578,0.084514255,0.078714647,1.083324935,5.333963858,10.34735334,12.11648286
103.5,0.031070786,0.182192587,0.076690684,0.018800875,0.047462281,0.06407609,0.034898024,0.082457882,0.082002053,1.039597394,5.212000479,10.18510093,11.95355392
104,0.029283333,0.172377599,0.074411285,0.017287302,0.044528112,0.060864456,0.0344421,0.080786488,0.085264849,0.997735256,5.092086656,10.02325922,11.78943027
104.5,0.027447831,0.162089901,0.071551885,0.015765774,0.042147955,0.058183101,0.034294281,0.079495931,0.088419617,0.958581402,4.977137665,9.866424778,11.62915968
105,0.02572645,0.15188924,0.06829251,0.014337635,0.040392855,0.056144932,0.034510992,0.078595048,0.091391577,0.922618936,4.869326919,9.718164905,11.47689495
105.5,0.024269787,0.142263403,0.064847465,0.013097134,0.039289475,0.054820658,0.035140993,0.078084683,0.094155363,0.889721649,4.769214697,9.579709917,11.33437798
106,0.023187674,0.13355547,0.061437191,0.012118519,0.038813769,0.054230873,0.036216927,0.077930027,0.096755481,0.859127737,4.675467342,9.44950546,11.20034903
106.5,0.022528509,0.125936374,0.058263599,0.011448838,0.0388941,0.054344845,0.037746006,0.078037303,0.099301779,0.829635685,4.585246871,9.32373949,11.07103363
107,0.022271225,0.119424083,0.055496861,0.011108592,0.039423351,0.055083826,0.039701563,0.07824854,0.101942459,0.799955861,4.495124747,9.197686936,10.94153759
107.5,0.022329539,0.113934456,0.053273125,0.011098333,0.040276599,0.056326958,0.042018139,0.078362126,0.104821481,0.769104763,4.402210891,9.067340763,10.80762137
108,0.022567616,0.10934427,0.051698174,0.011407481,0.041328947,0.057919872,0.044593388,0.07817422,0.108030303,0.736703156,4.305067088,8.930713336,10.66712713
108.5,0.022826865,0.105548273,0.050852857,0.012022716,0.042467317,0.059687234,0.04729816,0.077524826,0.111568261,0.703065075,4.204063378,8.788321078,10.52051946
109,0.02296069,0.102495151,0.050798808,0.012934415,0.043593083,0.061449581,0.049994183,0.076330333,0.115328621,0.669041619,4.101075263,8.642759833,10.37043442
109.5,0.022868819,0.100194475,0.051582448,0.014139641,0.044617826,0.063041476,0.05255581,0.074592212,0.119122875,0.6356866,3.998688922,8.497622818,10.22053952
110,0.022519672,0.098697929,0.05323411,0.015640071,0.045458144,0.064326425,0.054889722,0.072381859,0.122742527,0.603875721,3.899239836,8.356217183,10.07419764
110.5,0.021951949,0.098064785,0.055759792,0.017434553,0.046033885,0.065205115,0.056943562,0.069808808,0.126037199,0.574027906,3.804011286,8.220452565,9.933344182
111,0.021255219,0.098321711,0.059125896,0.019508216,0.04626968,0.065614569,0.058697202,0.066984594,0.128973145,0.546027284,3.712852763,8.090233477,9.797857372
111.5,0.020538703,0.099426357,0.063241297,0.021821795,0.046097975,0.065518894,0.060139779,0.063995441,0.131640261,0.51936602,3.624356009,7.963543454,9.665641321
112,0.019901224,0.101245679,0.067943867,0.024305046,0.045463223,0.064896755,0.061244853,0.060892712,0.1342011,0.49344044,3.536544405,7.837304577,9.533467633
112.5,0.019411661,0.103557853,0.072998999,0.026856419,0.044328929,0.063734022,0.061957557,0.057701537,0.136804026,0.467874334,3.447823213,7.708724621,9.39833226
113,0.019102162,0.106079086,0.078114649,0.029349087,0.042688195,0.06202699,0.062201776,0.054440345,0.139499279,0.442728071,3.357784536,7.576558446,9.258778295
113.5,0.018970892,0.108509421,0.082972787,0.031642428,0.040574535,0.059794188,0.061905235,0.051140249,0.142194994,0.418503886,3.267496442,7.441693616,9.115547386
114,0.018989501,0.110584924,0.087272073,0.03359862,0.038066908,0.057089071,0.061031065,0.047855229,0.144672271,0.395954268,3.179163673,7.306822619,8.971278641
114.5,0.019112594,0.112118257,0.090771847,0.035102853,0.035284071,0.054005121,0.059600871,0.044660447,0.146654995,0.375792561,3.095331631,7.175401936,8.829457225
115,0.01928846,0.113012832,0.093324099,0.036082095,0.03236782,0.050669032,0.05769947,0.041641678,0.147906873,0.358434839,3.01800301,7.050373298,8.693099841
115.5,0.019469745,0.113247703,0.09488232,0.036514867,0.029459489,0.047223593,0.055460672,0.038881327,0.148316361,0.343861625,2.947990769,6.933162018,8.563721418
116,0.019621042,0.112844482,0.095485155,0.036427636,0.026676987,0.043806502,0.053040868,0.036446462,0.147936816,0.331625201,2.884692745,6.823259592,8.440869546
116.5,0.019720743,0.111833254,0.095223328,0.03587992,0.024100417,0.040533624,0.050591379,0.034381788,0.146970885,0.320978033,2.826329125,6.718475099,8.322381281
117,0.019757539,0.110232009,0.094203354,0.034945307,0.02177119,0.037492373,0.048239523,0.032708161,0.145713449,0.311074509,2.770553164,6.615799095,8.205281012
117.5,0.019725026,0.108046889,0.0925205,0.033695676,0.019703022,0.034744972,0.046082129,0.031425889,0.144478471,0.301187839,2.71522175,6.512561348,8.08700106
118,0.019618238,0.105291199,0.090247968,0.032192691,0.017897436,0.032336377,0.044187978,0.0305212,0.143533167,0.290879326,2.65906498,6.407469327,7.966473633
118.5,0.019434596,0.102013334,0.087442682,0.03048657,0.016356124,0.030300976,0.042604157,0.02997398,0.143053747,0.280067437,2.602006235,6.30107392,7.844607384
119,0.019180007,0.098317783,0.084161534,0.028620114,0.015086481,0.028665404,0.041363518,0.029764823,0.143109705,0.268973885,2.545034601,6.195511645,7.724003019
119.5,0.018878549,0.09436514,0.080478972,0.0266358,0.014100696,0.027448041,0.040492103,0.029879669,0.143677825,0.257969795,2.489704752,6.093678494,7.608034221
120,0.018581774,0.09034631,0.076496966,0.024583007,0.013410906,0.026657464,0.040015207,0.030310671,0.144680774,0.247384803,2.437452389,5.998161844,7.499673294
120.5,0.018372798,0.086438341,0.072341339,0.022521224,0.01302325,0.026291183,0.039960092,0.031051937,0.146037382,0.237352555,2.388977289,5.910298488,7.400462169
121,0.018361949,0.082758639,0.068145346,0.020516417,0.012933191,0.026334944,0.040353859,0.032090113,0.147705556,0.227748709,2.343904096,5.829654873,7.309944906
121.5,0.018674061,0.079334893,0.064028417,0.018631909,0.013123642,0.026762748,0.04121589,0.033392207,0.14969904,0.218241961,2.300847266,5.754095027,7.225761314
122,0.019430319,0.076101953,0.060079475,0.016918493,0.013566131,0.027538037,0.042546526,0.03489581,0.15206816,0.208439645,2.257869833,5.68044965,7.144382498
122.5,0.020728655,0.072927089,0.05635033,0.015408673,0.014224674,0.028615963,0.044315602,0.036507611,0.154850524,0.198070492,2.213192034,5.605583132,7.062271166
123,0.022625949,0.069654996,0.05286069,0.01411754,0.015061563,0.029945801,0.046456355,0.038114085,0.158012702,0.187125774,2.165874236,5.527480319,6.977072311
123.5,0.02512527,0.066157102,0.049612599,0.013049442,0.016043734,0.03147341,0.048869596,0.039603297,0.16141104,0.175890633,2.116185839,5.445918096,6.888340766
124,0.028172298,0.062369224,0.046608714,0.012206916,0.017147882,0.033144697,0.051439788,0.040890271,0.164795195,0.164847304,2.065486333,5.362427571,6.79750295
124.5,0.031664087,0.058306338,0.043867661,0.011597976,0.018362102,0.034910065,0.054058858,0.041934578,0.167860776,0.154494517,2.015666265,5.279556486,6.707092309
125,0.035468002,0.054051854,0.041431177,0.011239654,0.019682068,0.036727397,0.056648195,0.042742422,0.170335636,0.145166596,1.968389299,5.199745701,6.619569649
125.5,0.039442817,0.049729683,0.039361103,0.011157825,0.021101918,0.038560358,0.059168169,0.043353101,0.172064286,0.136927387,1.92445619,5.124302226,6.536226698
126,0.043452291,0.045473222,0.037728349,0.011384224,0.022603044,0.040371276,0.061609766,0.043816201,0.173052866,0.129572484,1.883542346,5.052877433,6.456629685
126.5,0.04736566,0.041402861,0.03660014,0.011951826,0.024145543,0.0421117,0.063972209,0.044168557,0.173454334,0.122727224,1.844386587,4.983638667,6.378808127
127,0.051047323,0.037617418,0.036031137,0.012889426,0.025666808,0.043716289,0.066237398,0.044418928,0.173502412,0.115995696,1.805332326,4.914044498,6.300070166
127.5,0.054344965,0.034197957,0.036060307,0.014216033,0.027089175,0.045104804,0.068352781,0.044545353,0.173425939,0.109102394,1.764973498,4.841866792,6.218089767
128,0.057087575,0.031216921,0.036711544,0.015936148,0.028334634,0.046193167,0.070229874,0.04450512,0.173377938,0.10197414,1.722645999,4.766008769,6.131775872
128.5,0.059100597,0.028744499,0.037995541,0.018037618,0.029341183,0.046909648,0.071758248,0.044252688,0.17340141,0.094737732,1.678594958,4.68681846,6.041609752
129,0.060237321,0.026848228,0.039912039,0.020493178,0.030074502,0.047209346,0.072828552,0.043757524,0.173435514,0.087646127,1.633801096,4.605837771,5.949351339
129.5,0.060417684,0.025587562,0.042452312,0.023265144,0.030530779,0.047080422,0.0733558,0.043013712,0.173352223,0.080973051,1.58957783,4.525166806,5.857330757
130,0.05966106,0.025007254,0.045600791,0.026311206,0.030729623,0.046539712,0.073295743,0.042037854,0.173007224,0.074919687,1.547110899,4.446708374,5.767625854
130.5,0.05810026,0.025130944,0.049333341,0.029587817,0.030699618,0.045619729,0.072649949,0.040858711,0.172289923,0.069561426,1.507092681,4.37154872,5.68139899
131,0.055969727,0.025953776,0.053609854,0.033047739,0.030461825,0.044352827,0.071458574,0.03950639,0.171159771,0.064841963,1.469548576,4.299662827,5.598584723
131.5,0.053568863,0.027432741,0.058360623,0.03663146,0.030017252,0.042758715,0.069784553,0.038006158,0.169659787,0.060607773,1.433894472,4.230003278,5.518009731
132,0.051209575,0.029476269,0.063469963,0.040256387,0.029342901,0.040840052,0.067696133,0.036377334,0.167902647,0.056669764,1.399197885,4.160946267,5.43789749
132.5,0.049161769,0.031937851,0.068764388,0.043809912,0.028397652,0.038588503,0.065254429,0.034635873,0.166031585,0.052875455,1.364567073,4.090961698,5.356595483
133,0.047610562,0.034620515,0.074013646,0.04715102,0.027136656,0.035999797,0.062509699,0.032799932,0.164168726,0.049168853,1.32954955,4.019296224,5.273302122
133.5,0.046634118,0.03729764,0.07894935,0.050121851,0.025530226,0.033091798,0.059507424,0.030897025,0.162369243,0.045613633,1.294399581,3.946431212,5.188547639
134,0.046204303,0.039748998,0.08329927,0.052567306,0.023580708,0.029917943,0.05630187,0.028969649,0.160602837,0.042364909,1.260093712,3.874121004,5.104246221
134.5,0.046207916,0.04180146,0.08682767,0.054357755,0.021331369,0.026571,0.052971417,0.027076774,0.158777343,0.039597901,1.228046148,3.804936007,5.023234842
135,0.046483101,0.043357285,0.089367243,0.055408547,0.01886442,0.023176153,0.049627513,0.025290767,0.156802043,0.037422858,1.199597039,3.741414144,4.948361733
135.5,0.046862861,0.044396591,0.090831022,0.055689911,0.016289274,0.019875307,0.046411254,0.023690561,0.154667325,0.035819869,1.175447315,3.685085639,4.881399166
136,0.047214781,0.0449539,0.091201629,0.055223913,0.013724927,0.016806101,0.043476869,0.022351988,0.152504634,0.034615374,1.155259335,3.635746329,4.822177592
136.5,0.047466072,0.04508169,0.090506731,0.054069881,0.011281474,0.014080566,0.040967547,0.021337336,0.150595633,0.033508771,1.137593699,3.591275374,4.768333132
137,0.047607777,0.044819351,0.08879508,0.052304498,0.00904524,0.011769263,0.038991929,0.02068694,0.149321282,0.032147685,1.120238196,3.548132299,4.715853513
137.5,0.04767986,0.044181737,0.086126474,0.050005857,0.00707038,0.009894968,0.037607655,0.020414759,0.149069106,0.030234212,1.100827368,3.502353183,4.660238686
138,0.047745164,0.043170765,0.082581284,0.047250395,0.005378177,0.008436181,0.036814705,0.020507679,0.150132226,0.027623243,1.077518119,3.45068673,4.597807075
138.5,0.047862687,0.041801493,0.078284748,0.044125031,0.003963472,0.007337701,0.036557836,0.020927177,0.152632278,0.024367732,1.049469877,3.391444259,4.526673965
139,0.048068544,0.040127241,0.073431219,0.040746068,0.002805687,0.006524238,0.036736354,0.021612286,0.156485161,0.02069084,1.016984205,3.324826375,4.447106269
139.5,0.048368436,0.038250495,0.068289412,0.037269128,0.001880155,0.005913779,0.037219426,0.022483834,0.161411709,0.016905012,0.981330948,3.252748405,4.36132002
140,0.048740174,0.036313642,0.063178202,0.033879248,0.001165419,0.005429578,0.037865101,0.023450623,0.166983526,0.013321374,0.944407735,3.178380601,4.272949396
